payload,token,qr_link
OWL-2026A-000001,OWL-2026A-000001.TVBrOj6Ykdz7a0ip,https://owlnestofficial.com/verify.html?code=OWL-2026A-000001.TVBrOj6Ykdz7a0ip
OWL-2026A-000002,OWL-2026A-000002.ehdpbFPegLMbjhZa,https://owlnestofficial.com/verify.html?code=OWL-2026A-000002.ehdpbFPegLMbjhZa
OWL-2026A-000003,OWL-2026A-000003.JvnSbIWp6pe75Nk3,https://owlnestofficial.com/verify.html?code=OWL-2026A-000003.JvnSbIWp6pe75Nk3
OWL-2026A-000004,OWL-2026A-000004.bUSFs-APmwOPvckI,https://owlnestofficial.com/verify.html?code=OWL-2026A-000004.bUSFs-APmwOPvckI
OWL-2026A-000005,OWL-2026A-000005._5VuaNv9bqSN6tTO,https://owlnestofficial.com/verify.html?code=OWL-2026A-000005._5VuaNv9bqSN6tTO
OWL-2026A-000006,OWL-2026A-000006.s0-9G5IFYVLSlwt2,https://owlnestofficial.com/verify.html?code=OWL-2026A-000006.s0-9G5IFYVLSlwt2
OWL-2026A-000007,OWL-2026A-000007.6Nz23qpBPofMnqf2,https://owlnestofficial.com/verify.html?code=OWL-2026A-000007.6Nz23qpBPofMnqf2
OWL-2026A-000008,OWL-2026A-000008.u974PWisCng0l9RX,https://owlnestofficial.com/verify.html?code=OWL-2026A-000008.u974PWisCng0l9RX
OWL-2026A-000009,OWL-2026A-000009.4R_w3AXE5YoM4qz7,https://owlnestofficial.com/verify.html?code=OWL-2026A-000009.4R_w3AXE5YoM4qz7
OWL-2026A-000010,OWL-2026A-000010.OzK4y66vmH1CBoP3,https://owlnestofficial.com/verify.html?code=OWL-2026A-000010.OzK4y66vmH1CBoP3
OWL-2026A-000011,OWL-2026A-000011.NbPwds90ANUh24Ld,https://owlnestofficial.com/verify.html?code=OWL-2026A-000011.NbPwds90ANUh24Ld
OWL-2026A-000012,OWL-2026A-000012.8oheWAgLG29xQC9K,https://owlnestofficial.com/verify.html?code=OWL-2026A-000012.8oheWAgLG29xQC9K
OWL-2026A-000013,OWL-2026A-000013.ah-VLAWqZL0zUc8y,https://owlnestofficial.com/verify.html?code=OWL-2026A-000013.ah-VLAWqZL0zUc8y
OWL-2026A-000014,OWL-2026A-000014.6Eg6BPh-AmTC693g,https://owlnestofficial.com/verify.html?code=OWL-2026A-000014.6Eg6BPh-AmTC693g
OWL-2026A-000015,OWL-2026A-000015.qBiogwz39KS7hjhH,https://owlnestofficial.com/verify.html?code=OWL-2026A-000015.qBiogwz39KS7hjhH
OWL-2026A-000016,OWL-2026A-000016.cCRKvOlSQGtpjqS5,https://owlnestofficial.com/verify.html?code=OWL-2026A-000016.cCRKvOlSQGtpjqS5
OWL-2026A-000017,OWL-2026A-000017.599uY-thSHl9ncnx,https://owlnestofficial.com/verify.html?code=OWL-2026A-000017.599uY-thSHl9ncnx
OWL-2026A-000018,OWL-2026A-000018.JSSpxGd1vx8ajzwa,https://owlnestofficial.com/verify.html?code=OWL-2026A-000018.JSSpxGd1vx8ajzwa
OWL-2026A-000019,OWL-2026A-000019.dmoJZJQQ45pmmaOV,https://owlnestofficial.com/verify.html?code=OWL-2026A-000019.dmoJZJQQ45pmmaOV
OWL-2026A-000020,OWL-2026A-000020.NkXFiXI2SEHkkXDo,https://owlnestofficial.com/verify.html?code=OWL-2026A-000020.NkXFiXI2SEHkkXDo
